GENE,CRISPR,PRIMER,SEQUENCE,SIDE,START,TM,GC%,DISTANCE_TO_CRISPR,MAX_AT_HOMOPOLYMER,MAX_GC_HOMOPOLYMER
PDK1,C701,R1,CCAGCTCATGTCCACCTCTG,right,1425,60.108,60.000,312,2,6
PDK1,C701,R2,TCCTTCCTCCTGAGACTCCC,right,1332,59.663,60.000,219,2,6
PDK1,C702,F1,TGGGGAGTCTCAGGAGGAAG,left,1330,59.958,60.000,379,3,5
PDK1,C702,F2,ATGCAGAGGTGGACATGAGC,left,1422,60.107,55.000,287,3,5
PDK1,C703,R1,GAAGGAGAGCGAGCCATCAG,right,2518,60.249,60.000,305,6,6
PDK1,C703,R2,ACGCTCAGAGAAAAGGCCTG,right,2397,60.321,55.000,184,6,6
PDK1,C704,F1,CTCCTTGAGGTGTGGCTGAC,left,3705,60.321,60.000,461,2,5
PDK1,C704,R1,CGGCCATACTCACCACTAGG,right,4572,59.611,60.000,406,4,6
PDK1,C704,R2,GGGCAGACATTCTCAAAGCG,right,4330,59.551,55.000,164,3,6
PDK1,C705,R1,CGGCCATACTCACCACTAGG,right,4572,59.611,60.000,180,4,5
PDK1,C706,R1,CTCAGAAAAGCAACCCCGTG,right,6040,59.407,55.000,207,3,5
PDK1,C706,R2,GCACCCAGTTACCTCCCAAC,right,6077,60.608,60.000,244,4,5
