GENE,CRISPR,PRIMER,SEQUENCE,SIDE,START,TM,GC%
TAZ,C626-627,F1,CTTCCCGTTTCCTCCCGTTC,left,539,60.673,60.000
TAZ,C626-627,F2,TCTGGCTGGACCCTGTGTC,left,305,61.217,63.158
TAZ,C626-627,R1,TGCAGGACTGGTGATTGGAC,right,1133,59.963,55.000
TAZ,C626-627,R2,AGGCCCTCTCCAAATCATGC,right,1352,60.106,55.000
TAZ,C628-629,F1,GTCGTCATGGGCTTGGTGG,left,869,61.041,63.158
TAZ,C628-629,F2,CCAGTGACGAGAGAGCGGG,left,598,62.058,68.421
TAZ,C628-629,R1,TGTGAAGTCAGCAGAGCAGG,right,1632,59.966,55.000
TAZ,C628-629,R2,AGGCCTGACGTTAAAGGAGC,right,1418,60.036,55.000
TAZ,C630,F1,CAGGAAGGAGGACTTGGAGC,left,1841,59.748,60.000
TAZ,C630,F2,GGGCTTCCACTCCTGAACAG,left,1701,60.322,60.000
TAZ,C630,R1,TCTGCTGGCATGTGATGGAG,right,2648,60.107,55.000
TAZ,C630,R2,CACACTTGCCCAAGCTGAAG,right,2492,59.687,55.000
TAZ,C631,F1,AATGGTAGTGCTGCTGTCCC,left,2065,60.035,55.000
TAZ,C631,F2,TCCTGAAACTCCGCCACATC,left,2169,60.036,55.000
TAZ,C631,R1,TCTGCTGGCATGTGATGGAG,right,2648,60.107,55.000
TAZ,C631,R2,CCATGGACCAATGACAACGC,right,2833,59.829,55.000
